x0,x1,x2,x3,x4,x5,x6,x7,x8,x9,x10,x11,x12,x13,x14
-0.2038,-0.0296,-0.2381,0.1494,0.1231,-0.9694,-0.0807,0.6558,-0.1129,0.5376,-0.0206,-0.3264,-0.5542,-2.6819,-0.0124
-0.4938,-0.1439,-0.5051,0.4536,-0.1066,-0.5203,-0.1089,0.4678,-0.1312,0.3854,-0.0135,-0.2777,-0.4434,-2.0399,-0.0602
-0.8958,-0.19,-0.3913,0.7576,-0.1224,-0.5479,-0.1131,0.3786,-0.1537,0.3768,-0.238,-0.2135,-0.2413,-1.7629,0.0614
-0.7892,-0.441,-0.3826,0.4489,-0.7315,-0.2189,-0.1488,0.0582,-0.0482,0.3759,-0.2047,-0.3097,0.4298,-1.0708,-0.1685
-0.4668,-0.5599,-0.2577,0.6154,-0.2861,-0.0998,-0.0819,0.0642,-0.0536,-0.197,-0.5205,-0.1678,0.5728,-0.3226,-0.4577
-0.4293,-0.3514,-0.5563,0.6824,-0.6523,-0.6192,-0.5955,0.2054,-0.2424,0.0028,-0.2319,0.1917,0.2701,-0.2238,-0.2685
-0.7458,-0.4311,-0.5672,0.7156,-0.3271,0.048,-0.7081,-0.0298,-0.4619,0.0758,-0.0641,0.2184,0.4846,-0.1946,-0.1057
-0.5759,-0.4397,-0.4071,0.8655,-0.2347,-0.0481,-0.5411,0.027,-0.5668,0.3029,-0.3495,0.5383,0.5967,-0.1404,-0.4083
-0.8017,-0.4048,-0.456,1.2056,-0.5833,0.2226,-0.3154,-0.0421,-0.2979,0.1905,-0.2737,0.4237,0.8598,0.0091,-0.7106
-0.41,-0.4462,-0.8218,1.433,-0.6917,0.1879,-0.2154,-0.3888,-0.3092,0.0195,-0.0528,0.1943,1.0074,0.2385,-0.8762
-0.174,-0.5694,-0.5971,1.3384,-0.2539,0.0483,-0.3876,-0.5099,-0.0964,-0.353,-0.1898,0.3484,0.7806,0.0747,-0.8645
-0.1337,-0.4655,-0.727,1.1072,-0.3324,-0.7323,-0.2798,-0.997,-0.1303,-0.2816,-0.3058,0.4698,0.8821,0.2875,-0.5358
-0.357,-0.2802,-0.3286,1.5095,-0.5852,-0.8982,-0.5819,-0.6202,-0.188,0.0608,-0.3401,1.0127,0.7723,0.0564,-0.2473
-0.8393,-0.7215,-0.1293,1.3159,-0.9024,-0.4615,-0.3673,-0.6581,-0.1857,0.1889,0.0209,0.5483,0.8469,-0.2285,-0.3838
-0.6626,-0.4395,-0.1908,1.3005,-0.5808,-0.6311,-0.1348,-0.8346,-0.4812,0.6123,-0.0569,0.467,1.0335,-0.026,-0.3111
-0.5384,-0.4437,-0.0035,1.1882,-1.2439,-0.1224,-0.2369,-0.6552,-0.5524,0.5137,0.2278,0.202,0.7627,0.2228,-0.5285
-0.3506,-0.5541,0.0468,1.1022,-0.8426,0.0876,-0.2396,-0.53,-0.4646,0.3816,0.2423,0.0648,1.0048,0.6733,-0.604
-0.114,-0.561,0.1009,1.098,-0.789,0.0513,-0.1255,-0.5425,-0.3968,0.1561,0.5092,0.143,1.0516,1.094,-0.6698
-0.1862,-0.5516,0.0575,0.8815,-1.1287,-0.3451,0.0287,-0.6795,-0.3147,0.3201,0.5721,0.1256,1.1174,1.1233,-0.6021
-0.383,-0.8112,0.0341,1.0116,-1.0912,-0.1094,-0.0533,-0.2539,-0.0207,0.0322,0.3008,0.2443,0.8382,1.1613,-0.4628
-0.4743,-0.3445,-0.0184,0.9379,-0.925,-0.4812,0.307,-0.3569,-0.1517,0.0604,-0.1961,0.6058,0.414,1.0461,-0.4398
-0.4315,-0.5163,-0.1046,1.0941,-0.7016,-0.5856,0.0145,-0.5672,0.0001,0.0989,0.0703,0.3408,0.3878,0.7504,-0.2291
-0.3932,-0.5347,-0.0506,1.0161,-0.18,-0.8845,-0.1193,-0.9067,-0.1462,0.4484,0.0312,0.1894,0.8229,0.6999,0.1686
-0.7292,-0.6213,-0.2231,0.7894,-0.143,-0.0225,-0.2161,-0.8974,-0.0406,0.0512,0.1774,0.0221,0.7132,0.8045,0.4963
-0.4696,-0.9138,-0.034,0.4326,-0.2183,0.3003,-0.3466,-0.7709,-0.0916,-0.0768,0.5428,-0.0238,1.4323,1.3356,0.1466
-0.1048,-0.8135,0.2682,0.3975,0.17,0.2984,-0.1753,-0.6341,-0.0701,-0.0732,0.1926,0.4826,1.0091,1.5784,-0.0877
0.0135,-0.9039,-0.358,0.0963,0.3325,-0.1844,-0.425,-0.3405,-0.1244,-0.1362,0.1113,0.8853,1.1842,1.4995,-0.3222
0.2019,-0.6104,-0.4616,0.0787,-0.3903,-0.5145,-0.5868,-0.0289,-0.1267,0.1473,-0.2757,0.9407,0.7874,0.6371,-0.3109
-0.1598,-0.5524,-0.1702,0.3547,-0.0676,-0.5683,-0.3665,0.0183,-0.1413,0.0494,-0.1095,0.537,0.4955,-0.0106,0.0837
-0.2406,-0.5514,0.0829,0.4005,0.0768,-0.4702,-0.1773,-0.1108,-0.0681,0.1262,-0.0145,0.3702,0.4765,-0.0993,0.2696
-0.3802,-0.6058,0.0451,0.3448,-0.0486,-0.5114,-0.1788,0.1331,0.0452,0.2069,-0.1577,0.321,1.0634,0.2507,0.8331
-0.2915,-0.5824,-0.0039,-0.2301,-0.1883,-0.1788,-0.1705,0.0853,0.2839,-0.1658,0.4528,0.1051,1.0519,0.7393,0.9705
-0.1346,-0.5377,-0.1371,-0.2748,0.0831,-0.3198,-0.1191,0.1124,-0.0219,0.0652,0.0305,0.0681,0.636,0.6731,1.1267
-0.1536,-0.7039,0.0892,-0.7888,0.1028,-0.3766,-0.0968,-0.0017,-0.129,0.0345,-0.5491,-0.0362,0.4262,0.521,0.9885
-0.0028,-0.7408,-0.0684,-0.7817,0.0824,-0.3791,0.0506,0.128,-0.1033,-0.108,-0.4485,0.2681,0.2741,0.3031,1.0231
-0.0644,-0.6792,0.1522,-0.5343,0.0823,-0.204,-0.059,0.1685,0.1262,-0.2491,-0.3397,0.3715,0.5675,-0.2814,0.8491
-0.0131,-0.6926,0.5525,-0.574,0.4071,-0.6281,0.0502,0.3909,0.1844,-0.4358,0.0093,0.4407,0.8157,0.0327,0.823
-0.1996,-0.4828,0.4657,-0.4534,0.3485,-0.9724,-0.1015,0.3004,0.1021,-0.1875,-0.0319,0.5857,0.7163,0.0553,0.8834
-0.2458,-0.6302,0.437,-0.0818,0.4284,-0.8179,-0.1958,0.285,0.3,-0.3842,-0.2239,0.3294,0.6203,-0.1647,1.1586
-0.3108,-0.6652,0.4441,-0.2623,0.4561,-1.0673,-0.016,0.23,0.3931,-0.1774,-0.3049,0.4804,0.9957,0.1356,1.99
-0.2336,-0.5604,0.682,-0.7831,0.8481,-0.8156,0.0039,0.1027,0.1508,-0.3169,-0.3341,0.255,1.2999,0.5195,2.0541
-0.3384,-0.4752,0.3875,-1.0001,0.2174,0.2667,0.0133,0.1896,0.1958,-0.4189,-0.0769,0.4826,1.0738,0.9182,1.9095
0.3205,-0.5027,0.8788,-1.341,0.9066,0.2378,0.3916,0.2881,0.1503,-0.5136,-0.5647,0.7821,1.0828,0.5639,1.6914
0.5391,-0.0589,0.7529,-1.5235,1.1386,0.0506,0.2575,0.9235,0.021,-0.5925,-0.3599,1.1881,0.3804,0.4103,1.2673
0.7194,-0.2237,0.3771,-1.401,0.5941,-0.6368,-0.0788,0.8962,-0.0198,-0.2263,-0.078,0.8583,-0.1333,-0.4807,1.1012
0.4329,-0.5816,0.3352,-1.2227,0.4194,-0.879,0.2363,1.167,-0.0879,-0.0914,0.0248,0.7192,0.064,-0.8744,1.7065
0.0649,-0.6506,0.4459,-1.098,0.4635,-0.465,0.1754,0.9982,-0.1374,-0.1466,0.1584,0.482,0.312,-1.0334,1.6555
0.2063,-0.8193,0.5409,-1.2236,0.0618,-0.3033,0.3711,1.0365,-0.0666,-0.1166,-0.0044,0.5817,0.4434,-1.0966,1.8344
0.325,-0.6749,0.7891,-1.4849,0.6083,-0.2102,0.3911,1.1576,-0.2554,-0.0066,-0.3111,0.7172,0.471,-0.947,2.1203
0.4183,-0.7407,0.9804,-1.5475,0.1511,0.3284,0.085,1.019,0.313,-0.2514,-0.1118,0.769,0.1874,-0.9716,1.6052
0.9824,-0.7358,0.738,-1.7011,0.481,0.0332,0.1497,0.7945,0.0186,-0.2306,-0.0073,0.4783,0.2804,-0.8543,1.4878
0.9642,-0.4919,0.5901,-1.6752,0.5882,-0.0684,0.4152,0.8904,-0.0557,-0.3205,-0.4236,0.49,-0.1971,-1.0742,1.3767
0.9959,-0.5731,0.3743,-1.5624,0.4652,-0.1678,0.3566,1.1172,-0.098,-0.0826,-0.6872,0.3036,-0.0012,-1.1387,1.2044
0.8674,-0.5633,0.1607,-1.4723,0.9375,-0.0074,0.2861,1.1805,-0.0634,-0.1724,-0.8605,-0.1767,-0.0952,-1.0553,1.2083
1.0254,-0.7047,-0.1999,-1.191,0.1609,-0.3732,-0.2145,1.2997,-0.0844,-0.4687,-0.7935,0.0284,-0.0787,-1.1067,1.3601
0.9031,-0.6658,0.3073,-1.4656,0.062,-0.6694,0.1207,1.4221,-0.057,-0.4568,-0.4684,0.3722,-0.2178,-1.4103,1.2435
0.5876,-0.8723,0.4961,-1.2296,-0.0443,-0.7061,-0.0219,1.0733,-0.0716,-0.2785,-0.5971,0.2081,0.5651,-1.1977,1.1568
0.4998,-0.8973,0.5571,-1.1169,-0.0993,-0.616,-0.1565,1.2115,0.0605,-0.2681,-0.6809,0.5268,0.2185,-0.9843,0.6185
0.5257,-0.8914,0.5045,-0.7717,-0.1672,-0.649,-0.0252,1.1366,-0.2441,-0.1751,-0.5844,0.5915,0.2778,-0.8246,0.7613
0.1364,-0.7208,0.4123,-0.8526,-0.4079,-1.0235,-0.1791,1.2283,-0.2471,0.0189,-0.3559,0.3825,0.5399,-0.7677,0.5483
-0.078,-0.7627,0.5546,-0.3227,0.0415,-0.8233,-0.3754,1.5095,-0.185,0.2645,-0.0449,0.1279,0.7449,-0.6107,0.857
-0.5332,-0.687,0.2603,-0.0281,-0.922,-0.4409,-0.6234,1.2891,-0.235,0.376,0.0176,-0.2226,0.1769,-0.6114,0.1432
-0.4111,-0.9205,0.1892,0.2764,-1.222,-0.0926,-0.2489,1.2681,0.14,0.2035,0.0765,-0.2664,0.599,0.0747,-0.2218
-0.2897,-0.9041,0.928,0.5381,-0.4118,-0.2353,-0.3727,0.8819,-0.2056,0.2338,-0.0174,-0.1523,0.3743,0.2024,-0.1882
-0.3882,-0.7089,0.2355,0.5999,-0.4561,-0.4325,-1.1082,0.9238,-0.1781,0.2587,-0.096,-0.2242,0.4955,0.5979,-0.0262
-0.368,-0.8126,0.4706,0.7511,-0.3764,0.2202,-0.9875,0.7467,-0.1723,0.194,0.373,-0.3015,0.3419,0.6439,0.0037
-0.152,-1.321,0.0871,0.7358,0.0165,0.325,-1.0132,0.4618,-0.2335,-0.2194,0.3467,-0.5403,0.7542,0.6874,-0.1494
-0.0726,-0.9855,0.2495,0.5754,0.0471,-0.3155,-0.7831,0.3759,-0.4511,0.0909,0.1374,0.0423,0.4753,0.6954,0.0536
-0.2316,-0.9692,0.1026,0.3905,-0.2493,0.0062,-0.888,0.3699,-0.3369,-0.0025,0.1895,-0.138,0.6159,0.9938,0.1624
-0.5989,-0.9354,0.1819,0.6132,-0.1672,0.2336,-0.6294,0.3051,-0.5644,-0.1083,0.1005,-0.1748,0.593,0.7479,-0.0489
-0.2411,-0.8781,0.0979,0.5764,-0.2323,0.0866,-0.8149,0.1925,-0.8001,-0.255,-0.25,-0.1444,0.3952,0.6574,-0.0439
-0.0546,-0.5664,-0.1274,0.5681,-0.3223,0.4503,-0.9254,0.1327,-0.6756,-0.5781,0.0474,-0.0977,0.3111,0.3804,-0.2025
0.1936,-0.7402,-0.3011,0.244,-0.7455,0.2026,-1.1744,0.1913,-0.5921,-0.4307,-0.3194,-0.0263,0.1181,0.1383,-0.4105
0.0006,-1.1871,-0.1033,0.5403,-0.5921,0.2179,-0.8818,0.0825,-0.3847,-0.5993,-0.361,-0.0013,0.5005,-0.0132,-0.6752
0.1031,-1.1407,-0.031,0.8999,-0.5207,-0.2197,-0.9132,0.0743,-0.2525,-0.7031,-0.3493,0.4227,0.5517,0.0235,-0.3907
-0.2088,-0.864,-0.0825,0.7687,0.4289,-0.4829,-0.9563,-0.4297,-0.2033,-0.2564,-0.189,0.1981,0.1157,-0.296,-0.1533
-0.4968,-1.1991,-0.2055,0.6418,0.091,-0.5451,-0.7637,-0.2443,-0.4691,0.3636,-0.4057,0.3981,0.5198,-0.3087,0.2581
-0.4729,-0.9468,0.2807,0.3163,-0.2937,-0.208,-0.8158,-0.1601,-0.5262,0.5768,0.0352,-0.4931,0.5842,-0.5737,-0.0458
-0.3727,-1.111,0.3215,0.6603,-0.6993,0.3901,-0.6718,0.1104,-0.7836,0.4718,0.572,-0.6646,0.5749,-0.1638,0.104
-0.1459,-0.9957,0.1417,0.6253,-0.3495,0.6154,-0.7008,0.0364,-0.4945,0.2349,0.0781,-0.4839,0.4164,0.389,0.3126
0.2637,-0.9009,0.3162,0.3508,-0.4618,0.6558,-0.2471,0.2046,-0.3177,0.0426,0.2313,-0.5241,0.4084,0.4245,0.1983
0.4701,-0.9224,0.4769,0.0969,-0.0151,0.6297,-0.372,0.4059,-0.2601,-0.2681,-0.0489,-0.2361,-0.1054,0.2445,0.209
0.3761,-0.8582,0.2633,-0.3425,-0.4839,0.1135,-0.3767,0.2977,-0.3375,-0.0965,-0.0108,-0.0258,-0.0092,0.3195,0.1906
0.3333,-0.4372,0.2449,-0.3716,-0.4208,-0.2625,-0.4909,0.6094,0.5063,-0.4485,0.2629,0.0494,-0.3005,-0.0052,0.0555
0.3139,-0.474,0.5712,-0.4339,-0.1347,-0.3198,-0.4993,0.6395,0.0637,-0.5134,-0.1073,-0.118,-0.1537,-0.3743,0.6973
0.1016,-0.5532,0.6217,-0.4324,-0.2198,-0.5876,-0.5956,0.5074,-0.0286,-0.3244,-0.2955,0.0114,0.3332,-0.1566,0.9154
-0.04,-0.5606,0.4159,-0.1934,-0.0173,-0.5994,-0.563,0.6199,-0.1473,-0.2835,-0.1662,0.0623,0.6588,-0.0643,0.4672
-0.2393,-0.5619,0.2846,-0.1947,-0.1093,-0.4183,-0.5613,0.5593,-0.3308,-0.0941,0.5972,-0.2296,0.2427,0.1625,0.3852
-0.2543,-0.6337,0.3783,-0.0079,-0.271,-0.364,-0.4903,0.7037,-0.6045,0.1718,0.1922,-0.2148,0.2277,0.4207,0.602
-0.6664,-0.6818,0.6012,0.1821,-0.0278,0.1389,-0.5956,0.7329,-0.7797,0.3343,0.3632,0.0348,0.2765,0.2602,0.7432
-0.2284,-0.6155,0.173,0.1741,-0.1122,0.4906,-0.7262,0.4557,-0.6948,0.2986,0.3469,-0.461,0.8413,0.2258,0.24
0.1775,-0.4191,0.5449,0.0585,-0.1116,0.2835,-0.9922,0.5006,-0.4115,0.3244,0.2919,-0.4125,0.4955,0.2227,-0.0444
0.1437,-0.6368,0.1409,0.3162,-0.0863,-0.0079,-0.9169,0.7144,-0.3981,-0.0245,0.2283,-0.5218,0.381,0.5502,0.1995
-0.0035,-0.7005,0.1631,0.1397,-0.0491,0.2011,-0.7079,0.8215,-0.2244,0.1135,-0.0217,-0.5032,0.4125,0.2815,0.1762
-0.0172,-0.7079,-0.2098,0.1453,0.1286,0.1117,-0.6875,1.0065,-0.1346,-0.0791,0.0237,-0.7244,0.4265,0.3072,0.5175
-0.1049,-0.5077,0.1194,0.0201,0.2427,-0.0893,-1.1817,0.8823,-0.4643,-0.126,-0.6511,-0.3723,0.305,0.2037,0.5031
-0.1022,-0.8703,0.1478,0.1368,-0.1726,0.2553,-0.9963,0.7982,-0.4312,-0.227,-0.6808,-0.3809,0.5649,0.1579,0.4064
0.1164,-0.6177,0.5433,0.0728,-0.3239,-0.0141,-1.0674,0.7154,-0.2028,-0.3458,-0.4037,-0.4692,0.601,0.1925,0.3424
0.0277,-0.3623,0.4633,-0.2016,-0.9217,-0.3595,-0.8216,0.5995,-0.1721,-0.1351,-0.3601,-0.1782,0.1828,0.3349,0.2806
-0.1449,-0.6417,0.9999,-0.2181,-0.627,-0.3122,-0.2837,0.6346,-0.2521,-0.0716,-0.1376,-0.4255,0.9848,0.5642,-0.0646
-0.0485,-0.4635,0.5555,-0.0655,-0.7314,-0.4153,-0.4843,1.142,-0.2204,-0.0231,-0.3956,0.0667,0.6751,1.0157,0.0769
-0.352,-0.6366,0.2279,-0.2611,-1.0403,-0.3082,-0.52,0.8427,-0.3171,0.2271,-0.3853,-0.0302,0.5399,0.648,0.1298
-0.6908,-0.888,0.4004,0.2081,-0.8208,0.0034,-0.259,0.9935,-0.4057,-0.1527,-0.3383,-0.1849,0.3963,0.3523,-0.2305
-0.4217,-0.4318,0.2882,0.06,-0.386,-0.1216,-0.5976,1.1112,-0.4761,0.1469,-0.5211,-0.0718,-0.0849,0.0121,-0.2708
-0.3354,-0.4557,0.0726,0.4966,-1.1059,-0.2907,-0.5983,1.0125,-0.369,0.2231,-0.4249,0.0167,0.3875,-0.068,-0.1111
-0.4309,-0.6084,0.5785,0.5698,-1.2063,-0.2716,-0.7802,1.0128,-0.4983,0.5241,0.1698,-0.2084,0.4922,-0.3963,-0.1858
-0.4378,-0.5494,0.6352,0.5159,-1.2792,-0.0624,-0.4606,1.017,-0.3427,0.3301,0.2942,-0.5281,0.1981,-0.1178,-0.5521
-0.1636,-0.5872,0.5492,0.745,-0.8433,-0.4275,-0.8527,0.9509,-0.342,0.6721,0.4314,-0.4922,0.3207,-0.0481,-0.2249
-0.3677,-0.4797,0.4522,0.6289,-0.7362,-0.1811,-0.8984,1.0139,-0.3691,0.6575,0.4647,-0.5605,0.1167,0.1398,-0.1253
-0.1967,-0.1866,0.66,0.7655,-1.3168,0.2293,-1.0777,1.4065,-0.0325,0.4863,0.3397,-0.6064,-0.1067,0.0769,0.0389
-0.143,-0.3537,0.763,0.5974,-1.2568,0.208,-0.7674,0.7386,-0.0878,0.2754,0.6686,-0.8769,0.1063,0.2443,0.011
-0.0063,-0.2415,1.1734,0.6159,-1.1318,0.2752,-0.6075,0.6598,-0.2225,0.1978,0.2009,-0.6309,0.2745,0.7565,-0.0955
-0.0234,-0.0895,0.7545,0.568,-0.998,-0.0954,-0.5449,0.8461,-0.2594,0.2101,-0.15,-0.5649,-0.1852,0.8436,-0.4548
-0.3188,-0.5101,0.7348,0.5442,-0.8983,-0.4683,-0.5943,0.8983,-0.3137,-0.0088,-0.5112,-0.5915,-0.2253,0.6559,0.0714
-0.4561,-0.5477,0.9018,0.1831,-0.4047,-0.4111,-0.9722,0.8334,-0.3704,0.0679,-0.4744,-0.5107,0.0855,0.7269,-0.055
-0.682,-0.474,0.0289,0.7286,-0.7923,-0.4483,-0.908,0.9252,-0.29,0.4346,-0.6869,-0.2009,0.3623,0.7804,0.4776
-0.633,-0.3899,0.6355,0.7725,-0.546,-0.0689,-0.8655,0.574,-0.4459,0.5632,-0.0671,-0.5777,0.2377,0.4026,-0.4853
-0.5132,-0.4033,0.6723,1.2036,-0.4609,0.0245,-0.887,0.6941,-0.4213,0.5286,0.1269,-0.6961,0.5103,0.4097,-0.216
-0.4854,-0.5073,0.6624,1.1809,-0.4435,0.1639,-1.01,0.241,-0.6594,0.4672,0.2768,-1.1292,0.8257,0.6774,-0.0226
-0.5162,-0.444,0.6115,1.1802,-0.0467,0.3311,-1.2258,0.1661,-0.619,0.3557,0.1371,-1.2039,0.9742,1.0433,-0.1125
-0.3595,-0.4352,0.4878,0.9494,-0.376,0.3517,-1.0624,0.0855,-0.5665,0.0892,-0.1395,-1.2606,0.592,1.2367,3.0072
-0.1368,-0.5813,1.2622,-0.4415,-0.214,0.8089,-0.8235,-0.557,-0.6109,-0.1248,-0.4564,-0.8514,0.9275,1.5023,2.3337
0.641,-0.4908,1.3334,-1.166,0.1803,0.9034,-0.4225,-0.5153,-0.5263,-0.4113,-0.5352,-0.2613,1.0168,1.5627,2.0375
1.0422,-0.4584,1.2856,-1.3754,-0.2717,0.4367,-0.7665,0.0643,-0.7199,-0.6484,-0.7426,0.5657,0.6686,1.4295,1.8337
0.9972,-0.4576,1.5312,-1.5376,-0.2588,-0.0715,-0.4986,0.4636,-0.4665,-0.742,-0.5482,0.6858,0.321,0.6716,1.2337
0.6917,-0.1622,1.4649,-1.4377,0.2713,-0.5687,-0.324,1.0054,-0.5816,-0.3955,-0.7473,0.8817,0.0607,-0.0733,1.5028
0.557,-0.1994,1.3562,-1.7351,0.1796,-0.6776,-0.4605,1.2756,-0.6873,-0.0362,-0.3973,0.592,-0.9822,-1.1149,1.6382
0.4295,-0.0539,1.327,-1.4175,0.2792,0.1767,-0.3382,1.5539,-0.8009,-0.2027,-0.207,0.2908,-0.7773,-1.5809,2.4464
0.369,0.0077,1.646,-1.5464,0.4012,0.3359,-0.2331,1.7669,-0.8579,-0.1917,-0.2549,0.3687,-0.8493,-2.0603,1.8883
0.441,0.0416,1.3898,-1.3374,0.1709,0.1986,-0.417,1.4414,-0.6815,-0.2158,-0.3309,0.4336,-0.4132,-2.1297,1.4382
0.4352,0.1378,1.2073,-1.456,0.6131,-0.1592,-0.6135,1.3584,-0.6135,-0.2974,-0.1192,0.3021,0.0655,-1.8263,1.3152
0.3034,-0.0238,1.1073,-1.0118,-0.5182,-0.2777,-0.7815,1.2864,-0.6317,-0.2329,-0.0311,0.1332,0.0804,-1.5882,0.9157
-0.0146,0.0979,0.9199,-0.6527,-0.4155,-0.3772,-0.6763,1.1518,-0.5569,-0.2274,-0.6296,-0.0428,0.3751,-1.2666,0.9674
-0.2033,-0.0935,1.0372,-0.4729,-0.2825,-0.1503,-0.8181,1.2445,-0.5987,-0.4663,-0.6597,-0.0676,0.2937,-1.1312,0.7977
-0.2343,-0.3115,0.8317,-0.3973,-0.3322,-0.2912,-0.7466,1.0492,-0.6793,-0.3837,-0.9597,0.0184,0.3481,-0.7981,0.6556
-0.3283,-0.4251,0.5538,-0.155,-0.4454,-0.2721,-0.7994,0.4343,-0.6453,-0.0601,-0.7534,-0.0264,0.6652,-0.6812,0.6721
-0.2906,-0.061,1.0902,-0.3254,-0.0517,-0.2009,-0.8818,0.4714,-0.7331,0.0587,-0.4798,0.3142,0.8936,-0.6936,0.6747
-0.2958,-0.1059,0.863,-0.2906,-0.029,-0.1795,-1.0853,0.5277,-0.5724,0.0157,-0.1521,0.2286,0.9069,-0.2009,0.8172
-0.3111,0.0074,0.62,-0.4427,0.1616,0.1008,-0.9479,0.388,-0.6693,-0.2054,0.0445,0.026,0.8905,0.493,1.2115
-0.1884,0.2971,0.1488,-0.5284,0.1641,-0.4269,-0.9596,0.5151,-0.6757,-0.0799,0.1835,-0.1894,0.2387,0.0858,1.125
-0.3242,0.1338,0.3606,-0.5096,-0.1212,-0.3042,-1.1537,0.603,-0.8405,-0.21,0.4137,-0.2873,0.188,-0.4256,1.1028
-0.2802,-0.0404,0.4923,-0.5795,0.4858,-0.1008,-1.2363,1.0744,-0.8556,-0.176,-0.1786,-0.3624,0.1431,-0.4458,1.247
-0.2498,-0.2228,0.7592,-0.3463,0.3536,0.2501,-1.3454,0.9591,-0.8367,0.0816,-0.4077,-0.24,0.5573,-0.5321,1.209
-0.1672,-0.2,0.8134,-0.5262,0.6321,0.1281,-0.984,0.9062,-0.8015,-0.4318,-0.1675,-0.1637,0.3032,-0.841,0.6909
-0.1971,-0.0198,0.4846,-0.4369,0.5832,-0.2534,-1.1471,1.1099,-0.9364,-0.2246,-0.2583,0.2349,0.5226,-0.5547,0.7019
-0.2745,-0.157,0.2288,-0.1169,0.5954,-0.1627,-1.3562,0.9945,-0.8875,0.0312,0.1796,0.1146,-0.0231,-0.9082,0.6839
-0.167,0.0534,0.3894,-0.3131,-0.0841,-0.0942,-1.3818,1.4076,-0.6883,-0.0985,0.5909,0.0414,0.0529,-1.2154,0.7207
-0.2856,-0.0091,0.7252,-0.4465,-0.0712,-0.2484,-0.9954,1.5142,-0.5262,-0.2851,0.3575,0.0168,0.1273,-1.2167,0.7202
-0.3249,0.0627,0.7374,-0.5162,0.2187,-0.2271,-1.0311,1.3919,-0.3044,-0.4245,0.236,-0.2222,0.5155,-0.793,0.3783
-0.2219,-0.0084,0.8313,-0.1314,0.1063,-0.3757,-1.0365,1.4679,-0.2344,-0.5447,0.1301,-0.2466,0.298,-0.8475,0.1062
-0.3871,-0.2414,0.2276,-0.2317,0.3959,-1.0119,-0.7097,1.4953,-0.431,-0.318,-0.2538,0.0473,0.4387,-0.7468,-0.2529
-0.6672,-0.0408,0.3032,0.4691,0.467,-1.0224,-0.7518,1.5026,-0.3717,-0.21,-0.1523,0.0773,0.155,-0.8988,-0.0996
-1.0052,-0.0237,0.1156,0.6612,0.0703,-1.3441,-1.3338,1.4702,-0.4406,0.1399,-0.1131,-0.1206,0.465,-1.1059,-0.053
-1.4269,-0.178,0.1561,1.1931,0.2196,-0.7965,-1.1849,1.0097,-0.5074,0.4328,-0.0854,-0.4909,0.8942,-0.9709,0.2495
-1.2788,0.0033,0.3552,1.1103,0.7732,-0.2933,-1.0781,0.639,0.1482,-0.3117,-0.4329,-0.6378,1.3166,-0.1503,0.2844
-0.9637,0.1471,0.145,1.0263,0.7304,-0.4421,-1.5048,0.6305,-0.1895,-0.3326,-0.4858,-0.1749,0.8705,0.4273,0.0192
-1.012,0.3144,-0.3319,1.0112,0.7569,-1.0023,-1.557,0.9597,-0.2751,0.0559,-0.0985,-0.1451,0.804,0.1703,0.1449
-1.1429,0.2849,-0.0676,1.0354,0.5998,-0.8316,-1.6405,0.6157,-0.273,0.1373,0.2807,-0.412,1.1027,0.0179,0.5777
-1.0576,0.2542,0.1854,0.8206,0.6141,-0.7246,-1.4871,0.4284,-0.3308,0.0587,0.344,-0.4533,1.8183,0.2203,0.8235
-0.9999,0.5308,0.5162,0.4616,0.8104,-0.5994,-1.578,0.5159,-0.0259,-0.3023,0.1406,-0.2995,1.4815,0.4588,0.2224
-0.6334,0.418,0.3848,0.7897,0.9232,-0.8733,-1.235,0.8921,-0.2531,-0.2577,-0.1131,-0.0942,1.4465,0.5277,0.4725
-0.7369,0.2889,0.4518,0.7143,0.1632,-0.5865,-1.3431,0.8771,-0.3431,-0.1712,0.246,-0.1604,1.1419,0.2415,0.2303
-0.6146,0.1137,0.6664,0.9714,0.0058,-0.4512,-1.2122,0.7097,-0.2519,-0.3882,0.0524,-0.3352,1.2273,0.7563,0.1117
-0.52,0.0426,1.0043,0.8826,0.093,-0.6671,-0.9606,0.5891,-0.1723,-0.3816,-0.8557,-0.0145,1.2045,0.5312,0.2757
-0.7313,0.1059,1.0005,0.7247,-0.6445,-1.0578,-0.6604,0.8433,-0.3097,-0.1776,-0.5017,0.2647,1.1161,0.3858,0.2172
-0.6922,0.2904,1.0517,0.8269,-0.4661,-1.5117,-0.6526,0.9565,-0.2166,0.08,-0.1187,1.1991,1.3217,0.3251,-0.1328
-0.8852,0.2896,0.8329,1.0675,-0.0633,-1.4298,-0.5309,1.3023,-0.4169,0.3111,0.059,0.7694,0.8794,-0.5059,0.4109
-1.1342,0.0265,1.0479,0.9659,0.1082,-1.011,-0.947,1.2104,-0.6686,0.7495,0.708,0.2021,0.9513,-0.545,0.8305
-0.9061,0.1724,0.6621,0.8425,0.1458,0.2205,-0.9699,0.8577,-0.2314,0.2792,0.8816,0.0393,1.34,-0.4613,0.7838
-0.3891,-0.053,1.0108,0.6801,-0.1792,0.1372,-0.9138,0.9744,-0.2401,-0.3411,0.5489,-0.0186,1.2006,-0.2751,-0.4437
-0.202,0.0646,0.7167,0.7787,0.199,-0.3128,-0.8321,1.4718,-0.7396,-0.1697,0.2996,0.4897,1.1032,-0.3996,-0.9343
-0.2516,0.0316,0.257,1.18,-0.2006,-0.6371,-1.086,1.2729,-0.688,-0.205,0.4853,0.1497,0.848,-0.1423,-0.9881
-0.5711,-0.1482,0.1415,1.531,-0.0531,-0.7363,-1.1096,1.2621,-0.8088,0.0749,-0.0555,0.1118,0.4244,-0.5171,-0.6249
-0.653,0.1155,0.5031,1.5096,-0.09,-0.5315,-1.2047,0.5965,-0.7215,0.1682,0.1465,-0.1544,0.8188,-0.9635,-0.6122
-0.812,0.2127,0.787,1.7146,-0.2436,-0.3613,-1.3117,0.7268,-0.7216,-0.0803,0.4358,-0.292,0.99,-0.4173,-0.8721
-0.8561,0.3344,0.5053,1.7029,-0.7562,-0.4661,-1.2092,0.7666,-0.472,-0.1137,0.2828,-1.1164,0.7991,-0.127,-0.9364
-0.8262,0.2439,0.3594,1.6318,-0.9238,-0.7492,-1.0977,0.5484,-0.1767,-0.5809,0.0616,-0.7269,1.1025,0.2735,-1.1046
-0.7955,0.1962,0.6091,1.7734,-0.5859,-1.0841,-0.7741,0.6575,-0.3358,-0.3891,-0.3183,-0.3999,1.2514,0.1308,-0.7159
-1.1904,0.2781,0.3725,1.7793,-0.5513,-1.1031,-0.924,-0.2072,-0.1713,-0.2089,-0.2329,-0.8824,1.1309,0.0686,-0.7119
-1.02,0.1652,0.5382,1.6743,-0.6962,-0.9566,-1.1571,-0.1034,-0.3923,-0.2206,-0.3702,-0.4795,1.1205,0.2895,-0.6949
-0.9398,0.066,0.495,1.6938,-0.4118,-0.7094,-1.1295,0.1728,-0.1669,-0.4363,0.2485,-0.4038,1.3951,-0.3365,-0.5629
-0.795,0.248,-0.0619,1.3821,-0.004,-0.8859,-0.9742,0.3822,-0.0836,-0.4336,0.1281,-0.3226,1.4099,-0.2439,-0.5744
-0.8309,0.1551,0.0145,1.3391,-0.4447,-0.9688,-1.1385,0.3944,-0.1913,-0.2197,0.1046,-0.4824,1.7198,-0.2735,-0.232
-0.8187,0.1617,0.5428,1.2517,-0.3316,-0.8155,-1.189,0.4669,-0.0678,-0.2667,0.1221,-0.545,1.8569,-0.0773,-0.0826
-0.7816,0.1652,0.458,1.2128,-0.3142,-0.4036,-1.0648,0.4171,-0.2814,-0.1268,0.4145,-0.7495,1.9356,0.4092,-0.4708
-0.5428,0.5121,0.0322,1.1703,-0.278,-0.3294,-1.332,0.752,-0.2317,-0.4306,-0.2168,-0.7995,1.7539,-0.0632,-0.3952
-0.3026,0.3754,0.2508,0.8679,-0.6755,-0.6852,-1.141,0.5199,-0.3728,-0.6062,-0.6305,-0.8731,1.4301,0.2361,-0.4066
-0.5614,0.2297,0.2782,1.6973,-0.8198,-0.6805,-1.2702,0.7698,-0.5332,-0.2726,-0.7934,-0.6217,1.1428,0.0607,-0.559
-0.8646,0.2525,0.1138,1.4892,-0.7546,-0.5023,-1.0453,0.689,-0.7675,-0.0039,-0.3369,-0.7117,1.3013,-0.0227,-1.117
-0.6983,0.2698,0.1927,2.017,-1.136,-0.2585,-1.0067,0.718,-0.8807,0.0335,0.1811,-0.6177,1.5053,0.0518,-0.7883
-0.699,0.3494,0.5468,1.6795,-1.1741,-0.3124,-1.054,0.5381,-1.0014,0.2009,0.1105,-1.0249,1.0553,-0.0274,-0.9556
-0.9029,0.3262,0.4348,1.8324,-1.2752,-0.2117,-1.3011,0.4362,-0.7794,0.068,0.0169,-1.1062,1.3824,0.3081,-0.7617
-0.581,0.3661,0.6893,1.6687,-0.2931,-0.1754,-0.8687,0.2545,-0.4457,-0.0899,0.1383,-1.2576,1.5013,0.6139,-0.6669
-0.4161,0.6098,0.3563,1.1803,-0.6904,-0.0916,-0.6623,0.4406,-0.5266,-0.2822,0.0346,-0.6747,1.6585,1.3739,-0.5621
-0.2762,0.4505,0.4404,1.0347,-0.8218,-0.2188,-0.149,0.6026,-0.5058,-0.4515,0.3395,-0.7532,1.421,0.9997,-0.3901
-0.454,0.2734,0.4965,1.1399,-1.4982,-0.1826,-0.8518,1.1702,-0.424,-0.4374,0.1954,-0.4595,1.1258,0.7525,-0.4974
-0.5099,0.6007,1.0799,1.112,-1.3297,-0.2979,-0.5662,0.9264,-0.2864,-0.4898,-0.0023,-0.8513,1.0972,0.2155,-0.8839
-0.3108,0.4776,0.7232,1.0472,-1.4273,-0.5665,-0.4663,1.0159,-0.2897,-0.6243,-0.3392,-1.0147,1.2518,0.6741,-0.8846
-0.4739,0.4166,0.6545,1.137,-1.2318,-1.1347,-0.5427,1.0568,-0.3041,-0.1772,-0.2775,-0.7888,1.6399,0.896,-0.2948
-0.86,0.3308,0.5357,0.977,-1.0489,-0.7271,-0.6392,0.9636,-0.251,-0.0736,-0.2945,-0.9707,1.4125,1.075,-0.3091
-0.784,0.2792,0.8958,1.2487,-1.3175,-0.178,-1.1557,0.977,-0.2189,-0.3823,-0.0997,-0.6336,1.4027,1.1885,0.1493
-0.6452,0.3929,0.8757,0.8934,-0.5424,-0.2594,-1.1135,0.7729,-0.3838,-0.2603,-0.3133,-0.9972,1.4646,1.276,0.143
-0.4119,0.491,0.8137,0.6558,-0.8767,-0.1756,-0.9784,0.8921,-0.3308,-0.1852,-0.4206,-0.7504,1.4372,1.7157,0.2505
-0.3085,0.3919,1.0127,0.281,-0.8319,-0.1232,-0.9491,1.0678,-0.4592,0.0935,-0.3763,-0.521,1.2798,1.5502,0.2337
-0.0559,0.4413,0.8917,0.224,-0.5997,-0.3068,-0.5595,0.8483,-0.4926,0.1763,-0.0539,-0.6909,1.2879,1.2563,0.3741
-0.0017,0.6475,1.1257,0.1894,-0.3783,-0.2436,-0.6116,0.8952,-0.6462,-0.0128,-0.1916,-0.7169,1.2114,1.238,0.3009
0.0831,0.4019,1.0276,0.1205,-0.66,0.2126,-0.404,1.2382,-0.563,-0.1205,-0.0186,-0.9319,1.2449,1.4177,0.3888
0.3077,0.4277,1.0388,-0.1624,-0.5395,0.1968,-0.311,1.3883,-0.3841,-0.3287,-0.2998,-0.6118,0.6617,1.3375,0.0788
0.8067,0.3655,0.7506,-0.2749,-0.4699,-0.1708,-0.3756,1.4557,-0.297,-0.3828,-0.4332,-0.7179,0.6178,0.9197,-0.1062
0.6067,0.3661,0.949,-0.2021,-0.6171,-0.428,-0.4787,1.6595,-0.3638,-0.4299,-0.6692,-0.3352,0.5809,0.8969,0.4452
0.2296,0.6201,1.1164,-0.3365,-0.5228,-0.279,-0.1525,1.5496,-0.2231,-0.3447,-0.461,-0.4267,0.2976,0.2992,0.1606
0.4268,0.5032,1.1218,-0.2809,-0.4157,-0.4184,-0.4884,1.5374,-0.1211,-0.2877,-0.5758,-0.4675,0.6006,0.1646,0.13
0.2225,0.5897,1.005,-0.3578,-0.7658,-0.5004,-0.5528,1.514,-0.392,-0.0551,-0.5515,-0.3828,0.4911,0.0986,0.3546
0.412,0.7405,1.1045,-0.6825,-0.7645,-0.5221,-0.4998,1.5614,-0.3375,-0.3085,-0.6065,-0.515,0.8012,0.3915,-0.151
0.4579,0.7522,0.9053,-0.2593,-0.8791,-0.2786,-0.6048,1.4702,-0.4464,-0.1093,-1.0735,-0.6127,0.7153,0.4065,0.1008
0.1844,0.8677,1.1164,-0.1655,-0.5769,-0.1812,-0.5565,1.6037,-0.4222,-0.1838,-0.6562,-0.7361,0.4037,-0.0171,0.1102
0.3173,0.7674,1.1275,-0.1301,-0.6096,-0.0469,-0.8726,1.5418,-0.5475,-0.0952,-0.5013,-0.8457,0.5782,0.0938,0.392
0.2575,0.9555,1.0549,-0.3658,-0.3704,0.2899,-0.3256,1.0647,-0.4742,-0.4434,-0.8371,-0.8842,1.0088,0.5917,0.4061
0.2987,0.645,1.0673,-0.009,-0.367,0.2645,-0.5431,1.1327,-0.4476,-0.3878,-0.8196,0.4612,1.062,0.7349,-0.229
0.4435,0.9054,0.7358,-0.0553,-0.3002,0.0796,-0.2078,0.9991,-0.4488,-0.6386,-0.7038,0.1957,0.2927,-0.2345,-0.4942
0.5321,0.9118,0.5542,-0.113,-0.697,-0.7489,-0.4635,1.2769,-0.4144,-0.4135,-0.6315,0.2142,0.2822,-0.7508,-0.8002
0.0702,0.8343,0.7223,0.2544,-0.2852,-0.7922,-0.7196,1.3672,-0.3679,-0.2583,-0.3199,-0.0177,0.2284,-1.238,-0.642
-0.1308,0.7254,0.5515,0.4477,-0.5705,-0.605,-0.8263,0.9971,-0.5525,-0.1945,-0.5216,-0.4792,0.7383,-1.0497,-0.7077
-0.1761,0.6649,0.7617,0.6545,-0.3584,-0.3132,-0.7326,0.958,-0.4836,-0.3809,-0.381,-0.6742,1.0188,-0.7394,-1.1259
-0.3573,0.7085,0.6026,0.7137,-0.2945,-0.4821,-0.4438,0.9794,-0.5616,-0.1074,-0.5984,-0.7375,1.1395,-0.1553,-1.0373
-0.2131,1.0634,0.5401,0.8849,-0.8462,-0.1781,-0.5675,0.8715,-0.612,0.2441,-0.4603,-0.8031,1.3752,0.3542,-0.9377
-0.3355,0.9654,0.6783,1.1462,-0.7373,0.0105,-0.901,0.8923,-0.7915,0.3939,-0.258,-1.3149,1.0653,0.603,-1.0412
-0.5304,0.8272,0.5558,1.4548,-0.6166,0.432,-1.0868,0.6471,-0.7634,0.4358,-0.2247,-1.7347,0.9048,0.6894,-1.0192
-0.2662,0.7193,0.6683,1.2107,-1.1206,0.5648,-1.1338,0.5566,-0.8169,0.0724,-0.2,-1.5133,1.244,1.1333,-1.1545
-0.1466,0.8645,0.5452,1.046,-0.8992,0.2555,-0.9647,0.5367,-0.379,-0.1708,-0.3485,-1.3921,1.2432,1.5101,-1.2665
0.0035,0.796,0.5924,0.7567,-1.319,-0.197,-0.8212,0.6575,-0.3449,-0.2077,-0.1225,-0.9924,0.983,1.6209,-1.1734
0.0137,0.6406,0.5598,0.6691,-1.5422,-0.2638,-0.3811,0.6796,-0.4825,-0.1167,-0.463,-1.0332,1.3978,1.6658,-1.1591
0.0342,0.7089,0.757,0.9179,-1.3462,0.017,-0.5448,0.9909,-0.1645,-0.4205,-0.6031,-1.2189,1.1223,1.713,-1.3074
0.0028,0.6905,0.1207,0.9947,-0.8199,-0.5619,-0.4971,1.1051,-0.4761,-0.2691,-1.0159,-1.0263,0.8889,1.5265,-1.2331
-0.1832,1.0057,-0.0363,0.9716,-0.539,-0.4174,-0.7057,1.0766,0.0221,-0.3866,-0.7971,-1.0088,0.7487,1.2233,-0.846
-0.3574,0.711,0.263,0.8382,-0.5087,-0.9835,-0.9141,0.9563,-0.0816,-0.4337,-0.7077,-1.0437,1.1823,0.965,-0.6591
-0.2392,0.7355,0.5084,0.825,-0.4963,-0.8192,-0.8905,0.9555,-0.2433,-0.4894,-1.0333,-0.8624,1.3635,1.0887,-0.2856
-0.3742,0.6945,0.4982,0.6578,-0.1754,-0.4813,-0.8918,0.7093,-0.3846,-0.4152,-0.9025,-1.026,1.2872,1.1133,-0.3409
-0.2691,0.5368,0.508,0.5505,-0.0424,-0.4654,-0.84,1.162,-0.5969,-0.0964,-0.9067,-0.9877,1.0816,0.9852,-0.3313
-0.1124,0.6526,0.4183,0.3818,-0.161,-0.2024,-0.8632,1.0556,-0.5181,-0.2411,-0.3417,-0.9669,0.9763,0.7681,-0.177
0.0357,0.7458,1.1128,0.0846,-0.2526,0.0064,-0.9778,0.9234,-0.4622,-0.0649,-0.3106,-0.9899,1.1603,0.7898,-0.3337
0.2636,0.7852,0.7183,0.0999,-0.6223,0.1944,-0.9622,1.037,-0.2909,-0.2135,-0.4955,-1.0831,1.194,0.8976,-0.7776
0.2261,0.8319,0.6886,0.0748,-0.1332,-0.17,-0.7604,0.8613,-0.2901,-0.2017,-0.4016,-1.1368,1.3316,1.0851,-0.8583
0.0819,0.8162,0.5244,0.0356,-0.8619,0.0984,-0.9903,0.7703,-0.3536,-0.4073,-0.5057,-1.1091,1.3209,1.108,-0.4763
0.2075,0.7443,0.4172,0.2577,-0.6605,0.2156,-0.8963,0.7812,-0.4428,-0.4571,-0.584,-0.949,1.3406,1.1197,-0.67
0.3205,0.6174,0.4871,0.1324,0.6451,-0.0037,-0.7557,0.9861,-0.7814,-0.5241,-0.674,-0.7433,1.2082,0.8751,-0.3898
0.0258,0.7288,0.2833,-0.0805,0.266,-0.1738,-1.3003,1.185,-0.7972,-0.3581,-0.8123,-0.7089,1.0171,0.7404,-0.5347
-0.0384,0.1926,0.541,-0.1344,-0.2932,-0.0039,-0.8951,1.0457,-0.4703,-0.8452,-0.8187,-0.6048,1.4104,0.8776,-0.477
0.0854,0.6601,0.8305,-0.1599,0.1066,-0.2663,-0.6784,0.9254,-0.3255,-0.7342,-1.1144,-0.2033,1.3509,0.5736,-0.4388
0.1208,0.6979,0.6461,-0.1602,0.0194,-0.377,-0.9702,1.1231,-0.2827,-0.4388,-0.6367,0.015,0.8907,0.2494,0.5247
-0.0436,0.9077,0.5124,-0.455,0.2462,0.018,-0.9185,1.1573,-0.2334,-0.339,-0.5963,-0.1383,0.7641,-0.0772,0.6295
0.2901,0.7277,0.4191,-0.7701,0.4145,0.2192,-0.8781,1.1055,-0.1874,-0.3989,-0.6977,-0.8722,0.7982,-0.4181,0.0983
0.531,0.5978,0.6817,-0.7409,0.1732,0.2762,-0.825,1.3165,-0.0177,-0.7648,-0.1019,-0.7306,0.7402,-0.305,-0.187
0.5138,0.697,0.8701,-0.8604,0.1024,-0.356,-0.6953,1.4407,0.0593,-0.9063,-0.2163,-0.5713,0.8468,-0.1084,-0.2234
0.352,0.571,0.6762,-0.6617,0.1143,-0.68,-0.7878,1.8994,-0.0652,-0.412,-0.79,-0.5197,0.5896,-0.5244,-0.3036
0.2826,0.6715,0.8257,-0.7333,0.1698,-0.5593,-0.8644,1.5495,-0.3814,-0.1311,-1.2834,-0.6775,0.7513,-0.6541,0.0397
0.2957,0.6498,0.7278,-0.3947,0.3261,0.0398,-0.7443,1.5301,-0.348,0.2093,-1.1203,-1.0829,0.8243,-0.6643,-0.0756
0.3465,0.5016,0.8696,-0.4414,0.297,0.2492,-1.0155,1.7386,-0.276,-0.0352,-0.7167,-1.0817,0.8895,-0.1973,-0.2187
0.1423,0.8446,0.7502,-0.4795,0.432,0.2061,-0.9512,1.7301,-0.1134,-0.0921,-0.8488,-0.7585,0.7942,0.0262,-0.3997
0.4012,0.6395,0.8108,-0.5515,-0.1701,0.2649,-0.9482,1.8098,-0.4104,-0.2118,-0.8584,-0.8997,0.4524,-0.1185,-0.5984
0.3716,0.7144,0.6797,-0.3008,-0.1475,0.1188,-0.9785,1.9232,-0.5664,-0.4845,-1.0597,-0.5604,0.5025,-0.1883,-0.4315
0.3657,0.7174,0.8571,-0.3393,-0.2612,0.1429,-0.809,1.8441,-0.2524,-0.7794,-0.6053,-0.461,0.4801,-0.3798,-0.4658
0.5149,0.4624,0.9567,-0.4135,-0.3824,0.0174,-1.0082,1.5503,-0.1144,-0.9384,-0.9213,-0.7433,0.9063,-0.2594,-0.3914
0.2699,0.5079,0.743,-0.3991,-0.0607,-0.2759,-0.4498,1.5801,-0.4005,-0.6716,-1.2678,-0.6002,1.118,-0.0965,-1.2174
0.1426,0.83,0.4745,-0.0879,-0.9379,-0.4938,-0.9074,1.6696,-0.5495,-0.3891,-1.055,-0.4298,1.0112,-0.2449,-1.1145
-0.3926,0.5722,0.5039,0.2301,-0.6878,-0.4739,-0.8721,1.563,-0.4712,0.0837,-0.7663,-0.6693,0.8863,-0.7288,-0.9239
-0.4633,0.5098,0.5634,0.4785,-0.4078,0.004,-0.9094,1.5321,-0.5985,0.2003,-0.6664,-0.9408,1.341,-0.3913,-1.2407
-0.3604,0.5781,0.2429,0.4621,-0.6181,-0.0616,-0.6848,1.2261,-0.7418,0.3045,-0.8071,-1.1868,1.242,-0.0498,-1.3405
-0.2071,0.6006,0.369,0.6157,-0.8538,0.39,-0.6247,1.1456,-0.3288,0.0976,-0.8158,-0.9108,1.4032,0.1505,-1.7325
-0.0497,0.6093,0.3084,0.8754,-0.4883,0.5077,-0.9471,1.1428,-0.4081,-0.323,-0.8721,-1.1296,1.2003,0.3731,-1.9291
0.0374,0.814,0.5774,0.8817,-0.5212,0.3562,-0.9956,0.8969,-0.4641,-0.3618,-0.7815,-1.1452,0.9551,0.7054,-1.9212
0.078,0.7759,0.3741,0.9306,-0.9695,-0.088,-1.0724,0.7875,-0.6329,-0.1918,-0.7727,-1.1144,0.7155,1.0459,-1.8886
-0.0717,0.7102,0.4051,0.9307,-0.8718,-0.225,-0.8331,0.7599,-0.5827,-0.2508,-0.9266,-1.2562,0.8525,0.5916,-1.6913
-0.2482,0.7319,0.5212,1.1228,-1.3319,-0.166,-1.1389,0.676,-0.725,0.0513,-1.0441,-1.3405,0.946,0.6186,-2.0224
-0.2427,0.7564,0.4518,1.1509,-0.9748,0.1198,-1.1485,0.8734,-0.6496,0.2022,-0.9644,-1.5198,1.2884,0.7716,-1.525
-0.2313,0.8224,0.4023,0.9876,-0.322,0.1184,-1.073,0.5622,-0.5699,0.019,-1.1929,-1.5524,1.4992,1.2288,-1.5125
-0.1793,0.6075,0.5508,1.0115,-0.5401,0.4421,-1.0219,0.6298,-0.581,-0.0485,-1.358,-1.2233,1.5468,1.7101,-1.286
-0.1738,0.7912,0.7074,0.6845,-0.5576,1.0309,-1.2223,0.6527,-0.4861,-0.1645,-1.0824,-1.0412,1.0859,1.7224,-1.1125
0.0829,0.8619,0.8768,0.6234,-0.117,0.7437,-1.1757,0.791,-0.4899,-0.2592,-0.967,-0.8774,1.1223,1.8383,-0.8688
0.3768,0.939,0.9109,0.3363,-0.1919,0.9359,-1.0392,0.6169,-0.3775,-0.516,-0.7804,-0.944,1.194,1.7939,-0.9496
0.546,0.8634,0.8493,-0.0238,0.0184,0.617,-0.9542,0.4095,-0.551,-0.6311,-0.803,-0.8735,1.145,1.4316,-0.9653
0.8023,1.259,0.3935,-0.0419,0.0184,0.4893,-1.0933,0.601,-0.5534,-0.5981,-1.0568,-0.6253,0.8882,1.0616,-0.7967
0.8203,1.0924,0.5472,-0.2872,-0.0503,0.2354,-0.946,0.9544,-0.4543,-0.4785,-1.3853,-0.3058,0.6398,0.4182,-0.9649
0.7324,1.0301,0.5669,-0.2203,-0.2792,0.1667,-0.8598,1.1877,-0.8313,-0.2255,-1.2759,-0.5654,0.2659,-0.2169,-1.1444
0.642,1.0385,0.8619,-0.037,-0.5494,0.7762,-0.8145,0.8772,-0.8347,-0.2391,-1.2325,-0.8704,0.2632,-0.9764,-1.0498
0.8118,0.8597,0.9276,0.1081,-0.4913,0.966,-0.8524,1.1961,-0.7688,-0.5907,-1.0895,-1.0211,0.2447,-0.0279,-1.3008
0.7971,0.9955,1.0949,0.2058,-0.5862,0.5499,-0.699,1.312,-1.0202,-0.6287,-1.3108,-0.7829,0.1017,-0.1367,-1.75
1.0124,0.9423,0.5026,0.2284,-1.138,0.0961,-0.8944,1.2538,-0.763,-0.5587,-1.5989,-0.8661,0.1221,-0.2632,-1.8502
0.7339,1.0084,0.6711,0.5066,-1.5083,-0.1323,-0.4667,1.3309,-0.7841,-0.197,-1.9009,-0.8693,0.0899,-0.3907,-2.2515
0.3803,1.0651,0.7413,0.9676,-1.5822,-0.2135,-0.7955,1.5934,-0.7143,0.1083,-1.6571,-0.8055,-0.5433,-0.7972,-2.0057
0.3458,0.9939,1.0761,0.9957,-1.3527,-0.0414,-0.8049,1.4836,-0.7226,0.2569,-0.8018,-1.0026,0.2829,-0.7036,-1.8354
0.1719,0.928,1.1185,1.1209,-0.9837,0.2459,-0.8626,1.4318,-0.6261,0.1215,-0.933,-1.1722,0.3368,-0.1826,-2.0231
0.109,0.8816,0.6149,1.218,-0.728,0.5284,-0.9902,0.9705,-0.1704,-0.1853,-0.7501,-1.3955,0.6543,0.4167,-1.7339
0.1719,0.9199,0.7339,1.0477,-0.384,0.2676,-0.9648,0.8357,-0.2681,-0.4447,-0.9241,-1.3654,1.3641,0.7015,-1.8464
0.23,0.8317,0.6617,0.8743,-0.4362,-0.2342,-0.7953,0.7422,-0.5234,-0.2886,-0.965,-1.2578,0.8927,0.5738,-1.8013
0.2419,0.8043,0.6651,0.9699,-0.0467,-0.1742,-0.8708,0.8749,-0.4922,-0.2499,-0.9601,-1.1859,1.0468,0.673,-1.3799
0.0475,0.8616,0.5317,0.8746,0.2076,0.1044,-1.1065,1.0737,-0.5677,-0.0131,-0.4567,-1.0336,1.3341,0.9632,-0.7196
0.2333,0.7575,0.7158,0.4924,0.3794,0.6944,-0.8086,1.0668,-0.9306,-0.3782,-0.3367,-1.3552,1.7162,1.4449,-0.5122
0.54,0.8839,1.0176,-0.0016,0.5072,0.903,-1.0593,0.7737,-0.9419,-0.5488,-1.0465,-1.2836,1.6916,1.3193,-0.7943
0.7711,0.8419,0.4683,-0.079,0.0216,0.8202,-1.1345,1.0573,-1.2299,-0.6002,-1.2966,-0.8516,1.816,1.6781,-0.9654
0.8712,0.9556,0.392,0.0818,-0.0478,0.6902,-1.014,1.3841,-1.0411,-0.4596,-1.4714,-0.6986,1.4393,1.1647,-1.3127
1.1782,1.0326,0.2743,0.0715,-0.1891,0.3578,-0.8873,1.5537,-0.9537,-0.2426,-1.3878,-0.5984,1.1596,0.5501,-1.7762
1.0413,0.9982,0.4367,0.2016,-0.3374,-0.4789,-0.7316,1.6966,-0.7307,-0.1798,-0.1889,-0.7033,0.6724,-0.1239,-2.082
0.5419,0.8958,0.6102,0.6261,-0.2402,-0.6062,-0.8203,1.887,-0.6863,-0.1641,-0.6717,-0.6358,0.4814,-0.5368,-1.4856
0.2945,1.0286,1.1379,0.8384,-0.1066,-0.3455,-0.8803,1.7821,-0.5183,-0.1124,-0.1551,-0.6859,0.962,-0.4426,-0.9491
-0.0248,0.8718,0.7889,0.7992,0.1934,-0.0143,-1.0307,1.4712,-0.5787,0.0541,-0.179,-0.8654,1.0616,-0.4171,-1.1061
0.0261,0.7827,0.7741,0.6364,0.2638,0.1832,-1.361,1.7294,-0.6319,-0.2826,0.0018,-0.4513,0.9785,-0.3601,-1.1837
0.2493,0.7648,0.7117,0.7405,0.1904,0.075,-1.1768,1.5305,-0.8339,-0.2292,-0.5015,-0.5617,0.8688,-0.0739,-1.1941
0.0999,0.608,0.3508,0.554,-0.1517,0.2387,-1.0557,1.475,-0.8062,-0.1852,-0.9649,-0.4496,1.0366,-0.0057,-1.2013
0.4371,0.8593,0.4941,0.3926,-0.0177,0.1235,-1.0715,1.3342,-0.7539,-0.3003,-0.2455,-0.451,1.41,0.0191,-1.3206
0.4589,0.8061,0.8367,0.5199,-0.2217,-0.2989,-1.0368,1.3733,-0.5921,-0.3439,-0.4534,-0.4425,1.3482,0.1925,-1.5658
0.3844,0.8846,0.2467,0.6718,-0.3996,-0.4929,-0.8605,1.6027,-0.624,-0.17,-0.7911,-0.5572,0.9978,0.0762,-1.4306
-0.0869,1.0406,0.6195,0.7535,-0.3066,-0.1058,-0.8348,1.5913,-0.6673,-0.0176,-0.6702,-0.6126,0.3924,-0.4316,-1.5688
-0.0293,0.9807,0.8025,1.0401,-0.2659,-0.1665,-1.3905,1.873,-0.5828,0.0048,-0.6642,-0.7874,0.3525,-0.5389,-1.7255
-0.0472,1.0668,0.2111,1.3727,-0.4658,-0.1814,-1.5521,1.8224,-0.6576,-0.2107,-0.6443,-0.843,0.6567,-0.275,-1.885
-0.2886,1.0709,0.3929,1.6151,-0.3502,-0.1064,-1.3782,1.6061,-0.5833,-0.3189,-0.8484,-0.8601,0.6174,-0.2482,-1.3819
-0.2648,1.0059,0.5217,1.5207,-0.4706,0.0613,-1.3069,1.3294,-0.677,-0.0222,-0.9433,-1.0498,0.808,0.099,-1.088
-0.3021,1.0991,0.3808,1.0117,-0.4026,0.3974,-0.8535,1.0184,0.0904,-0.6054,-0.6513,-1.185,1.095,0.2747,-1.278
0.1258,0.9551,0.4564,0.8947,0.3369,-0.0939,-0.7146,1.0642,-0.2777,-0.5769,-0.9363,-0.819,1.1888,0.7262,-1.259
0.1062,0.8524,0.5063,0.6593,-0.0036,-0.4868,-0.9688,1.423,-0.3421,-0.3768,-0.7092,-0.6418,1.2098,0.7698,-1.0649
-0.1378,0.7794,0.4934,0.5822,-0.0258,-0.4462,-0.9118,1.9737,-0.3564,-0.2602,-0.89,-0.3789,1.345,0.9928,-0.6849
-0.1368,0.6943,0.8201,0.5874,-0.0242,-0.4507,-0.9986,1.7467,-0.3823,-0.1391,-0.1192,-0.636,1.6503,0.8643,-0.5765
-0.2505,0.8251,0.8438,0.4678,0.0651,-0.2305,-0.7964,1.5975,-0.2517,-0.2042,-0.0457,-0.6037,1.2549,0.4631,-0.6706
-0.249,0.8456,0.2104,0.5049,-0.1147,-0.0227,-1.0935,1.8422,-0.261,-0.3257,-0.1687,-0.3747,0.9771,0.6731,-0.4339
-0.1176,0.803,0.3339,0.3658,-0.0889,0.107,-0.7322,1.9471,-0.3836,-0.3201,-0.2493,-0.2792,1.1235,0.5388,-0.7493
-0.0026,0.9226,0.692,0.2225,-0.0628,-0.1153,-0.6608,1.7867,-0.3908,-0.3803,-0.4845,-0.5111,1.2272,0.4268,-1.45
-0.0088,1.0734,0.5352,0.5209,-0.2886,-0.1974,-0.8015,2.1333,-0.3292,-0.4175,-0.7659,-0.3535,0.7424,0.4915,-1.1856
-0.1858,0.9558,0.6615,0.7415,-0.3264,-0.4316,-0.9576,2.0307,-0.528,0.1642,-0.7418,-0.1353,1.0473,0.4857,-0.964
-0.0936,0.9656,0.6389,0.4767,-0.2249,-0.2171,-0.7267,1.7315,-0.6746,0.226,-0.5545,-0.4915,1.1682,-0.4434,-0.8697
-0.5012,0.8267,0.4066,0.4048,0.5186,0.2712,-0.4769,1.7057,-0.4965,0.083,-0.6607,-0.9405,1.1809,-0.0212,-0.5855
-0.1492,0.798,0.3347,0.3936,0.159,0.4715,-0.9262,1.7815,-0.4331,-0.2304,-0.6332,-0.8837,1.1657,0.3347,-0.5697
-0.1331,0.7832,0.1231,0.1645,-0.1385,0.4147,-0.9039,2.1254,-0.5536,-0.2634,-0.5723,-0.7544,0.8414,0.5466,-0.5661
-0.0709,0.7232,0.3742,0.1002,-0.3722,0.2751,-1.0985,2.0796,-0.4217,-0.1922,-0.7601,-0.7205,0.7107,0.2524,-0.7003
-0.2379,0.6283,0.7644,0.2078,0.0072,0.3828,-0.9413,2.3383,-0.3535,-0.3781,-1.4217,-0.4829,0.9097,0.3403,-0.6932
-0.0137,0.7967,1.0334,0.1746,0.1346,0.1799,-0.7896,2.3354,-0.0298,-0.6988,-0.8803,-0.4559,0.8408,0.2846,-0.3206
-0.0147,0.6099,0.858,-0.1238,0.18,-0.1272,-0.5058,2.1316,-0.1319,-0.6927,-0.9861,0.2168,0.7817,0.2989,-0.2104
-0.1869,0.236,1.1257,-0.1298,0.5135,0.2194,-0.887,2.1367,-0.4188,-0.4259,-0.8844,-0.1026,0.7539,0.0488,-0.0617
-0.2407,0.1874,1.0446,-0.293,0.4856,0.3193,-0.719,2.1362,-0.2587,-0.6398,-0.7382,0.0793,0.5115,-0.4912,0.2374
0.033,0.438,0.9467,-0.6793,0.413,0.3008,-0.5614,2.1284,-0.3285,-0.7092,-0.7826,0.3243,0.7884,-0.4207,0.0586
0.2279,0.495,0.7353,-0.7151,0.5343,0.0485,-0.6606,2.3972,-0.3695,-0.8189,-0.8127,0.1995,0.4151,-0.5424,-0.1097
0.2716,0.4507,0.6246,-0.7295,0.3916,-0.2875,-0.6652,2.4312,-0.3268,-0.4868,-0.5664,0.1915,0.4124,-0.9879,-0.2379
-0.0273,0.4947,0.5055,-0.4029,0.2157,-0.1425,-0.5387,2.3839,-0.7851,-0.2607,-0.5443,-0.0862,0.3871,-1.3107,-0.0347
-0.0555,0.5094,0.1932,-0.3539,-0.2863,0.0258,-0.9144,2.8151,-0.5841,-0.0882,-0.4666,0.1884,0.1346,-1.2741,-0.141
-0.1927,0.8132,0.6584,-0.2656,-0.192,0.3606,-0.5733,2.7658,-0.5299,-0.3436,-0.6172,-0.1755,0.0356,-1.8294,-0.5988
-0.1021,0.7027,0.6894,-0.0513,0.0237,0.2015,-0.8006,2.5698,-0.8277,-0.2308,-0.5138,-0.2367,0.2496,-1.3821,-0.6621
-0.0285,0.7683,0.8422,0.031,-0.16,0.0291,-1.2644,2.4018,-0.9356,0.1047,-0.3992,-0.4884,0.5484,-0.802,-0.8622
-0.0114,0.5424,0.6699,0.4246,0.0021,1.3983,-1.1432,2.1091,-0.7984,-0.3464,-0.5254,-0.8308,0.8502,-0.4695,-0.7306
0.3135,0.6209,0.4508,0.0176,-0.1608,0.9759,-0.7126,2.1283,-0.5903,-0.6893,-0.6318,-0.6945,0.8296,-0.0281,-1.346
0.34,0.7624,0.0948,0.0273,-0.0775,0.1669,-0.6827,2.4128,-0.5448,-0.6714,-0.9484,-0.3554,0.8643,0.226,-1.2482
0.0828,0.9424,-0.2535,0.1571,-0.2412,-1.1893,-0.5141,2.4349,-0.7052,-0.0346,-0.9929,-0.2992,0.3248,-0.2449,-1.0154
-0.6906,1.0243,0.111,0.6312,-0.5913,-0.518,-1.0584,2.61,-0.7913,0.4602,-0.646,-0.7129,0.0797,-0.6757,-0.6793
-0.5254,1.0039,0.5474,0.5412,-0.6392,-0.1045,-0.8035,2.4031,-0.4978,0.466,-0.5564,-1.2445,0.0399,-0.7178,-0.7679
-0.462,1.0495,0.5933,0.5163,-0.2031,0.5329,-0.8267,2.2022,-0.4287,0.1619,-0.3777,-1.4678,0.5647,-0.2157,-0.3041
-0.2858,1.0189,0.764,-0.1036,-0.1776,0.7121,-0.7262,2.3424,-0.6025,0.0187,-0.5012,-1.4119,0.8212,0.5637,-0.2806
0.0338,0.9572,0.5377,-0.1789,-0.356,0.9358,-0.6164,2.4146,-0.5404,-0.1585,-0.9726,-1.3685,0.4604,0.8454,-0.3006
0.2076,1.0592,0.727,-0.2938,-0.7297,0.9123,-0.2801,2.5903,-0.505,-0.5424,-1.023,-1.3595,0.3915,0.8312,-0.6097
0.5948,1.1707,0.8352,-0.3404,-1.1199,0.5645,-0.3925,2.6293,-0.6369,-0.4875,-1.0276,-1.1872,0.2864,0.739,-0.895
0.3773,1.1977,0.8499,0.0202,-0.8354,0.0468,-0.3923,2.6994,-0.8523,-0.4469,-1.1373,-1.0409,-0.218,0.4238,-0.7017
-0.1445,0.9153,0.9411,0.2192,-0.8552,-0.3021,-0.5862,2.636,-0.8213,0.0703,-1.0775,-1.2094,0.1947,0.6147,-0.496
-0.356,0.8334,1.1172,0.3598,-0.8843,0.1347,-0.6777,2.5383,-0.7113,0.0288,-0.8684,-1.4525,0.376,0.7918,-0.7973
-0.2306,0.5614,0.9369,0.3443,-0.8172,0.2171,-0.4828,2.4583,-0.484,-0.1009,-0.5541,-1.3325,0.7611,1.0155,-0.2809
-0.1896,0.4693,0.0328,0.0734,-0.9795,0.5339,-0.4422,2.5702,-0.4971,-0.1328,-0.8248,-1.1162,1.1355,1.5532,-0.3595
-0.0284,0.47,0.5468,0.0251,-0.8764,0.2208,-0.6922,2.2149,-0.5565,-0.1786,-0.6435,-1.1377,0.8674,1.4032,-0.4913
0.0002,0.4822,0.6199,0.0063,-0.5724,0.1212,-0.6421,2.2508,-0.7534,-0.0523,-0.6553,-0.9635,0.9596,1.3528,-0.3692
0.0492,0.5266,0.466,0.0916,-0.5472,-0.2476,-0.7043,2.208,-0.5997,0.0566,-0.5774,-1.0081,0.9224,1.3038,-0.4417
-0.1918,0.446,0.7137,0.1716,-0.3623,0.397,-0.8886,2.2025,-0.4968,-0.0254,-0.5536,-1.0771,0.9148,1.1757,-0.1862
-0.0238,0.4645,0.7178,-0.0562,0.4503,0.17,-0.7228,2.0988,-0.5314,-0.1719,-0.8995,-0.9302,0.8593,0.9686,2.0433
0.1528,0.5256,1.1943,-1.371,0.3187,0.4311,-0.614,1.8964,-0.4806,-0.1579,-1.2295,-0.8623,0.5735,1.1528,1.6752
0.4893,0.5375,1.3823,-1.7088,0.5361,0.8105,-0.3271,2.4158,-0.8295,-0.4894,-1.3015,-0.5714,1.7231,1.6605,1.2979
0.941,0.7202,1.3385,-2.1721,0.1383,0.8935,-0.1169,2.5406,-0.7114,-0.7902,-1.2363,-0.6794,1.1094,1.7116,0.9071
1.0034,0.8575,1.2544,-2.142,0.2545,0.4755,-0.0318,2.8097,-0.6523,-0.8427,-1.6575,-0.4792,1.0079,1.7164,1.0563
1.0729,0.6618,1.0944,-2.3672,0.7145,0.2307,-0.2355,3.2833,-0.6099,-0.8724,-1.5063,-0.2012,1.1798,1.601,0.6984
0.985,0.7324,0.634,-2.2508,-0.0288,-0.1429,-0.2938,3.36,-0.5462,-0.8247,-1.4358,-0.0412,0.4957,1.1074,0.399
0.9102,0.8045,0.9588,-1.8644,-0.3406,-0.3078,-0.2236,3.5172,-0.6609,-0.5184,-1.3559,-0.001,0.416,0.1106,0.4117
0.5925,0.8563,1.2935,-1.5646,-0.1341,-0.2506,-0.4774,3.53,-0.6507,-0.3508,-1.14,-0.38,-0.3827,-0.7269,0.5406
0.4423,1.0334,1.1748,-1.5897,-0.4251,0.0146,-0.4404,3.4178,-0.5724,-0.8111,-1.0562,-0.4978,-0.1711,-0.7392,0.3458
0.3245,1.1212,1.2249,-1.3563,-0.0054,-0.2068,-0.3948,3.2922,-0.6709,-0.2782,-1.4752,-0.6941,-0.1177,-0.8775,0.3247
0.3153,1.2285,1.278,-1.3136,-0.2056,-0.3366,-0.5156,3.3685,-0.5426,-0.1064,-1.6452,-0.9221,0.0107,-0.6151,0.4786
0.0611,1.1919,0.8259,-0.8847,-0.213,0.2325,-0.6471,3.3666,-0.8043,-0.3056,-1.1786,-1.4921,-0.2197,-0.3526,0.4983
0.2423,0.989,0.9003,-1.0265,-0.22,0.3379,-0.3057,3.1169,-0.6106,-0.4649,-1.8,-1.3988,-0.0704,-0.2482,0.8981
0.3206,0.7842,1.0418,-1.4383,-0.3545,0.1634,-0.3268,3.3473,-0.0852,-0.61,-1.4112,-1.044,-0.0129,-0.3508,0.3113
0.5976,0.6873,1.0739,-1.1506,-0.2124,-0.0871,-0.5776,3.1787,-0.2403,-0.994,-1.6278,-0.7147,0.0113,-0.4734,-0.3596
0.402,1.0006,0.6278,-0.8003,-0.0385,-0.6788,-0.6266,2.9492,-0.4811,-0.6595,-1.8581,-0.2613,0.0419,-0.308,0.0286
-0.0205,0.9166,0.5913,-0.5364,0.9511,-0.3256,-0.5849,3.0294,-0.6867,-0.3734,-1.8655,-0.468,0.1537,-0.8078,0.3771
0.0865,1.0641,0.461,-0.288,1.1019,-0.1993,-0.589,3.0934,-0.7409,0.141,-1.5777,-0.5165,0.113,-1.3262,0.6023
0.0838,1.1664,0.5202,-0.4549,0.6185,0.3992,-0.7506,2.932,-0.948,-0.1559,-0.7556,-0.7254,0.8709,-0.8372,0.8388
0.4034,1.1159,0.7186,-0.9136,0.5898,0.5276,-0.5993,2.7696,-1.1225,-0.2304,-0.7378,-0.9391,0.833,-0.5884,0.5878
0.7497,1.0813,0.7978,-0.9387,0.1427,0.739,-0.6381,2.8542,-1.143,-0.2883,-1.0238,-0.7452,0.7591,-0.2445,0.0262
0.9103,1.1695,0.147,-0.7912,-0.1523,0.4564,-0.6263,2.9598,-1.0086,-0.0494,-0.9718,-0.5431,0.3036,-0.2072,-0.3442
0.644,1.2492,0.3803,-0.4793,-0.0834,0.156,-0.1127,3.0929,-0.9693,-0.1862,-0.8522,-0.4508,0.3625,-0.8011,-0.5852
0.4103,1.0863,-0.1344,-0.1599,-0.3206,-0.2199,-0.5744,3.1326,-1.1228,0.1478,-1.0605,-0.81,0.3348,-0.9306,-0.6273
0.2801,0.9019,0.0173,0.2144,-0.6137,0.1765,-0.8913,3.0808,-1.2076,0.2986,-1.0567,-0.9259,0.5959,-0.7425,-0.3147
0.0979,0.5656,0.5108,0.2665,-0.1162,0.6996,-0.5762,2.6373,-1.0715,0.0682,-1.2539,-0.9853,1.0207,-0.4625,-0.0602
0.4363,0.7471,0.532,0.0258,-0.0462,0.8105,-0.7785,2.5815,-1.0275,-0.2462,-1.0715,-0.7826,0.9365,0.066,-0.5651
0.6767,0.9066,0.7423,0.0326,0.4001,0.6825,-0.8373,2.623,-1.0532,-0.0564,-1.3644,-0.4336,0.5364,0.07,-0.6799
0.5224,0.7392,0.2659,-0.0749,0.2964,0.3128,-1.2358,2.663,-1.1881,0.0121,-0.5205,-0.3179,0.4735,-0.2102,-0.7917
0.529,0.9492,0.1788,-0.1042,0.2319,0.9906,-1.1911,2.68,-1.0414,-0.2524,-0.4407,-0.1791,0.6472,-0.5656,-0.508
0.6267,1.1441,0.5658,-0.0126,-0.3671,0.7163,-0.9558,2.8748,-1.0986,-0.3971,-0.3158,-0.2931,0.2515,-1.0897,-1.2519
0.2657,1.2823,0.5779,0.3267,-0.637,0.292,-0.9845,2.8762,-1.012,-0.5378,-0.6112,-0.6184,0.3018,-1.0465,-1.2491
0.0604,1.0707,1.0997,0.5674,-0.6752,-0.0568,-0.799,2.7097,-1.095,-0.4208,-0.8292,-0.5361,0.8964,-0.5423,-1.3539
-0.2435,1.1344,0.7332,0.6503,-0.4296,-0.1936,-0.8159,2.244,-1.0204,-0.111,-1.2368,-0.4648,0.51,-0.0231,-1.1543
-0.3663,1.0777,0.4699,0.7843,-0.4151,0.2373,-0.9266,2.0661,-0.8104,-0.3656,-1.0623,-1.1238,0.7323,0.1074,-0.2681
-0.2505,1.0801,0.8723,0.3154,-0.4505,0.1191,-0.589,1.8199,-0.869,-0.6454,-0.9403,-0.9614,0.9094,0.4036,-0.2557
-0.1102,1.1614,1.2775,0.0564,-0.1639,0.0532,-0.5684,1.7899,-0.9967,-0.6003,-1.2069,-1.1815,1.1874,0.789,0.0944
-0.132,1.0231,1.2082,-0.1182,-0.1463,0.3972,-0.8317,2.0027,-1.132,-0.3461,-1.7289,-0.7108,1.161,1.3931,0.2227
0.182,1.1243,1.4117,-0.3939,0.2822,0.3792,-0.5653,2.4622,-1.023,-0.5154,-0.9104,-0.8386,0.9309,1.1353,0.2412
0.3174,0.8618,0.9811,-0.4988,0.3804,0.4484,-0.7778,2.46,-0.8768,-0.8971,-0.4753,-0.7079,0.7763,1.2591,0.2137
0.2911,0.9134,0.9131,-0.5423,0.4902,0.17,-0.9749,2.7526,-0.8355,-0.9922,-0.8741,-0.5097,0.6732,1.1795,-0.1008
0.1445,0.8689,0.7668,-0.39,0.7601,0.2894,-1.3568,2.7392,-0.9769,-1.0158,-0.1982,-0.1774,0.5016,0.7383,0.0164
0.3117,1.0131,0.5306,-0.6083,0.305,0.0081,-1.1606,2.5037,-1.0683,-0.885,-0.4985,-0.4521,0.2869,-0.0342,-0.6007
0.1409,1.2755,0.3962,-0.2117,0.6324,-0.2414,-1.6226,2.9277,-1.0547,-0.5853,-0.5358,-0.2837,0.2303,-0.3109,-0.3776
-0.0082,1.2378,0.5779,-0.2528,0.3262,0.0449,-1.2319,2.561,-1.1653,-0.1445,-0.4642,-0.5894,0.1527,-0.9763,-0.1864
0.0148,1.1717,0.5065,-0.3884,0.3532,0.2036,-1.0085,2.5563,-1.1777,-0.2016,-0.5769,-1.0941,0.7726,-0.738,-0.3691
-0.0859,1.1519,0.5442,-0.0008,0.0536,0.2635,-1.1451,2.8487,-1.182,-0.7484,-0.2417,-1.06,0.5717,-0.3254,-0.2538
-0.0318,1.1666,0.9787,0.0518,-0.3491,-0.0092,-1.0669,2.5252,-1.4005,-0.3385,-0.6033,-0.9144,0.0369,-0.2421,-0.6062
-0.1073,1.0627,0.678,0.047,0.017,0.0125,-0.9992,2.3722,-0.8578,-0.5441,-0.657,-0.9213,0.2803,-0.2982,-0.278
-0.2924,1.0251,0.5073,0.0876,-0.2511,-0.1777,-0.7223,2.2123,-0.9947,-0.5881,-1.076,-0.9156,0.486,0.1971,-0.0437
-0.3269,1.016,0.9729,0.0027,-0.1074,-0.058,-1.0237,2.1083,-0.8367,-0.6036,-1.1006,-0.7152,0.5567,0.3076,-0.2473
-0.1962,1.1517,0.7707,-0.0231,0.272,-0.2545,-0.9728,2.1703,-0.7884,-0.8736,-1.0513,-0.7876,0.8266,0.414,0.0179
-0.3999,1.182,0.6884,-0.2877,0.1769,-0.5062,-0.7219,2.1215,-0.9637,-0.5089,-1.1073,-0.6912,1.0601,0.5268,0.2059
-0.4779,1.1045,0.5677,-0.2088,-0.4205,-0.3347,-0.7644,2.24,-1.0638,-0.1919,-0.7344,-1.0228,0.9633,0.1314,0.1737
-0.5634,0.925,0.963,-0.1509,-0.7431,0.2966,-0.76,2.3268,-1.139,-0.4256,-0.7082,-1.0879,0.8511,0.6224,-0.3235
-0.3463,1.0821,1.2513,-0.0848,-0.5599,0.5459,-1.051,2.4692,-1.0417,-0.626,-0.7075,-0.834,1.0187,0.6176,-0.3141
-0.2356,0.9714,0.9586,-0.2408,-1.2043,0.2054,-0.9383,2.3675,-0.9883,-0.7241,-0.9323,-0.4608,0.6211,0.8286,-0.6939
-0.2889,0.5656,1.0344,0.3788,-1.032,0.1496,-1.0293,2.4005,-1.0067,-1.2306,-0.5555,-0.5666,0.8862,0.7771,-0.5126
-0.633,0.8362,1.0907,0.5132,-0.6658,0.4813,-0.6022,2.2362,-0.979,-0.9452,-0.8433,-0.7846,1.0922,0.645,-0.64
-0.4684,0.8545,1.1781,0.4976,-0.5515,-0.0467,-0.8512,2.0982,-0.7525,-0.517,-0.5782,-0.9312,1.0567,0.9036,-0.4054
-0.6075,1.0706,1.2648,0.1415,-0.4173,-0.3059,-0.5317,1.943,-0.7584,-0.4351,-0.2808,-1.0281,1.0671,1.3833,-0.38
-0.6845,0.9495,0.9487,0.1447,-0.5875,0.0719,-0.2513,2.2589,-0.8121,-0.4521,-0.241,-0.8088,1.3185,1.8901,-0.869
-0.6728,0.8839,1.0582,0.4048,-0.6406,-0.093,-0.8655,2.5274,-0.672,-0.0731,-0.1488,-0.9193,1.1608,1.805,-0.6269
-0.5209,1.1342,0.9876,0.7134,-0.4844,0.2869,-1.0139,2.5475,-0.6033,-0.4542,-0.0101,-1.1943,1.0757,1.6909,-0.2743
-0.5338,1.3229,1.0424,0.3989,0.1853,0.49,-1.1599,2.4642,-0.8364,-0.4855,-0.5707,-1.1281,0.8579,1.7748,-0.2574
-0.3978,1.1628,1.0809,0.3887,0.6154,0.322,-1.036,2.2644,-0.6946,-0.6629,-0.4331,-1.1516,0.7185,1.7154,0.0609
-0.3001,1.1563,0.5655,-0.0911,-0.6137,0.2942,-0.9696,2.2248,-0.8179,-0.8445,-1.0617,-1.1729,0.8559,1.8492,0.4387
-0.2478,1.1135,1.3439,-0.3024,-0.2126,0.3625,-0.886,2.2064,-0.9026,-1.0703,-0.9727,-0.9777,1.0085,1.6382,0.6166
-0.0102,0.8323,1.1795,-0.4171,-0.7181,0.5935,-0.8189,2.2411,-0.9493,-1.3615,-0.9345,-0.9708,1.0966,1.6217,0.6842
0.0644,0.92,2.0219,-0.711,-0.1619,0.4201,-0.4155,2.273,-0.9369,-1.1906,-1.5299,-0.5909,0.8555,1.5494,0.5022
0.1865,0.9721,1.6283,-0.8,-0.1844,0.1273,-0.3807,2.1695,-0.7771,-0.8561,-2.2498,-0.2037,0.8502,1.4788,0.7953
0.2174,0.9575,1.7596,-1.128,0.0473,-0.0019,-0.5805,2.4489,-1.046,-0.6625,-1.5954,-0.3161,0.6546,0.8993,0.4664
0.4001,1.1683,1.6856,-1.0323,0.0076,0.1424,-0.6815,2.6667,-1.515,-0.3293,-1.1948,-0.6067,1.0022,1.0903,0.812
0.1674,0.8442,1.7705,-1.0947,0.034,0.6143,-0.3042,2.7998,-1.3836,-0.2714,-1.2153,-0.7382,0.951,0.8552,0.4558
0.1131,0.8474,1.5278,-0.8909,-0.6664,0.8429,-0.6554,3.0381,-1.234,-0.2659,-0.6586,-0.7913,1.0877,1.1098,0.0487
0.3726,0.8777,1.1659,-0.8186,-0.4432,0.4146,-0.4424,3.01,-1.3124,-0.5616,-0.8482,-0.7616,1.393,1.2252,-0.1863
0.3287,1.0075,1.1906,-0.3423,-0.4815,0.3165,-0.6814,3.1415,-1.1848,-0.6365,-0.3772,-0.8092,0.9705,1.0871,-0.2895
0.0788,1.0636,0.8297,-0.0558,-0.7724,0.2663,-1.054,3.255,-0.9724,-0.4446,-0.5,-0.624,0.6329,0.814,-0.7167
-0.1075,0.6708,1.0362,0.366,-0.4483,0.1399,-0.7321,3.0282,-0.874,-0.5677,-0.3878,-0.8321,0.7042,0.4097,-0.9136
-0.3297,0.6999,0.8848,0.8994,-0.1516,0.1622,-0.5891,2.8457,-0.9179,-0.5961,-0.7105,-0.9394,0.935,0.5338,-0.5709
-0.5705,0.8234,0.6264,0.8518,-0.1473,0.164,-0.6897,2.4175,-0.9046,-0.5046,-0.6474,-1.0178,0.9248,0.3969,-0.122
-0.5768,1.0128,0.8455,0.5934,0.0073,0.1825,-0.7087,2.6149,-1.0231,-0.4232,-0.4365,-0.8022,0.7934,-0.0245,-0.0637
-0.3419,0.8089,0.9636,0.4163,-0.1375,-0.0044,-0.8479,2.3376,-0.8318,-0.4598,-0.0829,-1.3264,0.8998,0.1922,-0.3885
-0.2791,0.9451,0.6752,0.5038,-0.5821,0.0061,-0.7884,2.3831,-0.6544,-0.4235,-0.4981,-1.3944,0.939,0.579,-0.5979
-0.4416,0.9841,1.084,0.7313,-0.4161,-0.1753,-0.5113,2.4566,-0.4807,-0.1729,-0.3118,-1.4083,0.715,0.8079,-0.7214
-0.5979,0.7166,1.2184,1.2651,-0.9271,0.061,-0.7752,2.6452,-0.0536,-0.6663,-0.7168,-1.2558,0.8794,1.0078,-0.4635
-0.7374,0.7944,1.0377,0.9775,0.1216,-0.0405,-0.5004,2.4294,-0.2943,-0.8082,-0.5855,-1.243,0.7853,0.9668,-0.2932
-0.7955,0.6574,0.7375,0.7153,0.3034,-0.3194,-0.8416,2.4942,-0.281,-0.5646,-0.7122,-0.9491,0.772,0.9771,-0.1012
-0.6243,0.241,0.7991,0.5662,0.5599,-0.023,-0.5532,2.2035,-0.3149,-0.6887,-0.4811,-0.7498,1.2007,1.2468,0.2509
-0.3031,0.6082,0.9052,0.2407,0.5675,-0.0191,-0.3458,2.0422,-0.3669,-0.6664,-0.0517,-0.6492,1.2699,0.9976,0.3231
-0.3371,0.7361,0.8587,-0.0298,0.9032,-0.1835,-0.6299,2.3604,-0.2129,-0.8493,0.0107,-0.4081,1.1336,0.806,0.0667
-0.3125,0.7221,1.0321,0.0139,0.5703,-0.2465,-0.5942,2.5523,-0.2668,-1.0902,-0.219,-0.443,1.4302,0.7496,-0.1977
-0.3972,0.8197,0.6278,0.2931,0.852,-0.6056,-0.6397,2.5301,-0.365,-0.9572,-0.1297,-0.5819,0.938,0.6294,-1.0561
-0.4423,0.6268,0.1983,0.8475,0.8932,-0.8939,-0.7718,2.5212,-0.4859,-0.5893,-0.2181,-0.5947,0.7531,0.6979,-0.5584
-0.7747,0.7322,-0.0442,1.0608,0.9541,-0.7576,-0.9597,2.3837,-0.5349,-0.501,-0.2834,-0.8058,0.9324,0.474,-0.0309
-0.9864,0.7925,0.1569,0.9815,0.8546,-0.231,-1.1113,1.9762,-0.3912,-0.7797,0.0949,-0.8433,1.1232,0.2513,0.2622
-0.6609,0.7044,0.3762,0.5068,0.9951,-0.0091,-0.6581,2.0018,-0.7683,-0.5473,-0.2147,-0.9339,1.3219,0.69,0.6308
-0.3493,0.6283,0.42,-0.0131,1.0141,0.1738,-0.784,1.9875,-0.8585,-0.2871,-0.4427,-0.9864,1.2736,0.6533,0.6914
-0.077,0.3213,0.7763,-0.3117,1.0345,0.6574,-0.7568,2.0679,-0.7767,-0.5853,-0.2051,-0.9764,1.2954,0.7908,0.8431
0.2035,0.7109,0.8384,-0.4741,1.3369,0.7686,-0.5918,2.165,-0.705,-0.7532,-0.2119,-0.7658,1.157,1.0063,0.5583
0.4756,0.6899,0.795,-0.6769,1.5527,0.5178,-0.6058,2.3539,-0.5131,-0.7567,-0.1792,-0.6854,1.0266,0.6239,0.4363
0.7241,0.7238,0.7128,-0.8795,1.6858,-0.2523,-0.6488,2.6454,-0.256,-0.8226,0.0337,-0.6303,0.7621,0.4754,0.2391
0.3328,0.6485,0.6192,-0.8884,1.6956,-0.4375,-0.3694,2.7484,-0.3896,-0.8764,-0.0457,-0.656,0.5411,-0.0776,0.489
-0.3242,0.605,0.5084,-0.3782,0.9015,-0.1171,-0.5137,2.9075,-0.4958,-0.6874,-0.1517,-0.5612,0.5177,-0.2886,0.4974
-0.1991,0.5326,0.7915,-0.4627,0.6795,-0.1935,-0.6766,2.8611,-0.5683,-0.77,0.219,-0.7295,0.5522,-0.2889,0.3998
-0.4295,0.609,1.3516,-0.312,0.7963,0.2482,-0.4357,2.5147,-0.6867,-1.1263,0.0118,-0.9556,0.0745,-1.1242,-0.1413
0.0235,0.6015,0.7787,-0.1781,1.0153,0.1026,-0.5067,2.3783,-0.6173,-1.1201,-0.2969,-1.0109,0.5813,-0.6683,-0.0338
-0.101,0.5006,0.4926,-0.0693,0.8351,0.0863,-0.5507,2.4672,-0.5798,-1.6149,-0.7134,-1.1859,1.0579,-0.2818,-0.1508
-0.0586,0.4622,0.211,0.0786,1.1572,-0.1512,-0.4023,2.2823,-1.1405,-1.0927,-1.0751,-0.6768,1.0484,0.1574,-0.2987
-0.4134,0.5558,0.4105,0.4001,0.7113,0.0836,-0.8358,2.3038,-1.0047,-0.4544,-1.493,-0.8379,0.9155,-0.2143,0.039
-0.3334,0.4427,0.7063,0.3197,0.6647,0.7211,-0.8517,2.4047,-0.9226,-0.8273,-0.7804,-0.9996,0.9754,0.0746,-0.1944
0.1701,0.6196,0.6729,0.4354,0.8467,0.7712,-0.3063,2.2962,-0.6078,-1.2868,-0.8272,-0.9294,1.1393,0.3477,-0.4158
0.3064,0.5522,0.6126,-0.0746,0.8832,0.5442,-0.5303,2.3125,-0.1003,-1.3772,-0.058,-0.5585,0.8441,0.3387,-0.4834
0.4044,0.6687,0.5987,0.1922,1.493,0.1142,-0.6116,2.3667,-0.5478,-1.403,-0.4824,-0.4859,1.0848,0.0851,-0.508
-0.046,0.656,1.0508,0.1129,0.9095,-0.1011,-0.6551,2.1206,-0.6665,-0.8992,-0.9524,-0.5154,0.8559,-0.2084,-0.8926
-0.0788,0.5441,0.8451,0.4473,0.7636,-0.219,-0.4405,2.2972,-0.7244,-0.7283,-0.5631,-0.4824,1.0733,0.7315,-0.5013
-0.4704,0.7897,0.6388,0.4579,0.6485,0.2167,-0.2874,2.3027,-0.8481,-0.7293,-0.2909,-0.9249,0.0403,0.1766,-0.5044
-0.3966,0.843,0.7517,0.3479,0.412,0.2672,-0.4001,2.2018,-0.747,-0.6352,-0.2943,-1.1014,0.9797,0.1096,-0.4866
-0.3799,0.7784,0.9013,0.0866,0.1272,0.1432,-0.1324,1.9494,-0.925,-0.5227,-0.2631,-1.4854,0.8509,0.4086,-1.0599
-0.2007,0.8611,0.7752,0.6,-0.0277,0.2725,-0.4307,2.2621,-0.8335,-0.271,-0.4043,-1.5484,0.9157,0.8894,-0.6779
-0.1737,0.8446,0.8227,0.5793,-0.0119,0.9709,-0.4416,2.1482,-0.8828,-0.4261,-0.5456,-1.7394,1.156,1.1864,-0.6457
0.1432,0.7086,0.6756,0.2586,0.0115,0.8556,-0.2812,1.7363,-0.9498,-0.4618,-0.5914,-1.7186,0.9847,1.291,-0.9697
0.4157,0.7281,0.5932,0.3925,-0.1591,0.5861,-0.4934,2.159,-0.8917,-0.8545,-0.4301,-1.2257,0.9372,1.4859,-0.8263
0.188,0.4811,0.4346,0.4977,0.1307,0.8822,-0.4723,2.0626,-0.786,-0.9775,-0.2862,-1.1645,0.8156,1.3814,-1.043
0.2646,0.7394,0.6766,0.4369,0.5855,0.3576,-0.7256,2.576,-0.6396,-1.0042,-0.5398,-0.9476,0.7016,1.0615,-1.0339
0.1199,0.7686,0.361,0.6523,0.9029,0.6468,-0.8835,2.4333,-0.3151,-1.4038,-0.7398,-0.8287,0.813,0.9286,-0.6064
-0.0026,0.7959,0.2584,0.5416,0.9784,0.3072,-0.8066,2.2455,-0.6288,-1.2146,-1.2252,-0.6154,0.5967,0.5067,-0.728
-0.0657,0.8117,0.578,0.659,0.8947,0.2504,-0.9633,2.4103,-0.7086,-1.1939,-0.8852,-0.9727,0.732,0.0589,-0.7581
-0.2898,0.9876,0.0932,0.5521,0.7198,0.2134,-0.9718,2.3427,-0.6843,-1.3311,-1.4691,-0.8443,0.6201,0.0428,-0.4998
-0.2728,0.9896,0.3839,0.5868,0.9449,0.1092,-0.602,2.631,-0.7474,-1.336,-1.2143,-0.5885,1.0374,-0.0226,-0.1064
-0.3119,0.9258,0.589,0.2593,0.9838,0.3437,-0.7033,2.3615,-0.8885,-1.1658,-1.2142,-0.8898,0.9024,-0.0297,-0.4171
-0.0134,1.1857,0.5107,0.4945,0.8116,0.3789,-0.6242,2.3266,-0.9076,-1.0594,-0.9442,-0.9897,0.9203,0.2523,-0.3163
-0.0184,1.4216,0.5593,0.3389,0.4498,0.3369,-0.7158,2.1562,-0.9614,-0.8666,-1.1091,-0.9477,0.426,0.1944,-0.5494
